App_Order,App_Name,App_Star,App_Price,App_Review
0,iTunes,3,Free,30874
1,Netflix,4,Free,671575
2,Spotify Music,4,Free,31093
3,Microsoft Sticky Notes,4.5,Free,90236
4,Facebook,3.5,Free,481943
5,Instagram,3,Free,99515
6,Hulu,3,Free,28884
7,Messenger,3,Free,291542
8,Your Phone,4,Free,57147
9,OneNote,4.5,Free,325916
10,WhatsApp Desktop,3.5,Free,35824
11,Norton Safe Web,3.5,Free,515
12,Slack,4,Free,1255
13,NVIDIA Control Panel,2,Free,2110
14,Xbox (Beta),2.5,Free,1855
15,iCloud,2.5,Free,792
16,Snip &amp; Sketch,3,Free,1106
17,Pandora,4,Free,27148
18,Grammarly for Microsoft Edge,3.5,Free,1724
19,"Microsoft To Do: Lists, Tasks &amp; Reminders",4.5,Free,82037
20,Paint 3D,4.5,Free,313103
21,"Any Player - Video, DVD",4.5,Free,89187
22,"Adobe Photoshop Express: Image Editor, Adjustments, Filters, Effects, Borders",4.5,Free,135954
23,"Trio Office: Word, Slide, Spreadsheet &amp; PDF Compatible",4.5,Free,134061
24,"Cool File Viewer: Rar, Word, PDF, PPT, Video &amp; Image Opener",4.5,Free,103921
25,Honey,4,Free,1416
26,VLC,3.5,Free,18295
27,"PDF Reader - View, Edit, Share",4.5,Free,60985
28,Pinterest,5,Free,8467
29,EasyMail for Gmail,4.5,Free,12522
30,Office,3.5,Free,16236
31,Amazon Music,3.5,Free,1276
32,DTS Sound Unbound,4.5,Free,4712
33,VitalSource Bookshelf,3.5,Free,539
34,"BreeZip: Rar, Zip &amp; 7z Extractor",4.5,Free,109474
35,Power BI Desktop,4,Free,628
36,Hotspot Shield Free VPN,4,Free,64962
37,FizzTube - YouTube Player,4.5,Free,33524
38,Telegram Desktop,4.5,Free,5139
39,Alexa,2.5,Free,563
40,Fitbit,3.5,Free,36956
41,"Drawboard PDF - Read, edit, annotate",4,Free,26652
42,Dolby Access,4.5,Free,63975
43,Autodesk SketchBook,4.5,Free,30042
44,Microsoft Remote Desktop,3.5,Free,21809
45,WeChat For Windows,3,Free,19279
46,Windows DVD Player,3,Free,12368
47,Animotica - Movie Maker,4.5,Free,35316
48,Feedback Hub,3,Free,3345
49,Norton Security,3,Free,66
50,Speedtest by Ookla,3.5,Free,5738
51,Media Player,3.5,Free,43415
52,Nitrado,3,Free,555
53,Dropbox,4,Free,41824
54,Twitter,3.5,Free,211995
55,Xbox Game Bar,3,Free,903
56,PicsArt Photo Studio: Collage Maker and Pic Editor,4,Free,171309
57,HEVC Video Extensions,2.5,Free,1171
58,Movie Maker 10 - FREE,4,Free,25680
59,HD Movie Maker - PRO,4,Free,8099
60,Microsoft Whiteboard,3.5,Free,1521
61,Adobe Photoshop Elements 2020,3,Free,118
62,Windows Terminal (Preview),4,Free,1472
63,Crunchyroll,3,Free,5905
64,Ring - Always Home,3,Free,1575
65,File Viewer Plus,4,Free,12203
66,Sling TV,4,Free,20646
67,Audiobooks from Audible,4.5,Free,78071
68,GroupMe,4.5,Free,6633
69,Tuber - Youtube Video Downloader and Converter up to 4K Resolution,3.5,Free,26095
70,Norton Password Manager,3,Free,1177
71,Sketchable,3.5,Free,3025
72,iHeartRadio,4,Free,38894
73,PDF X,5,Free,15876
74,Xbox Accessories,2.5,Free,5426
75,"PDF Reader - View, Edit, Annotate by Xodo",4.5,Free,12205
76,Evernote,3.5,Free,22941
77,Kodi,3.5,Free,9709
78,Arduino IDE,4,Free,1753
79,Python 3.7,3.5,Free,305
80,MobileDiscord PTB,4,Free,1025
81,SHARE.it,3.5,Free,75325
82,Ubuntu,4.5,Free,3246
83,Todoist: To-Do List and Task Manager,4,Free,4970
84,LINE,3.5,Free,339031
85,"WPS Office Suite - PDF, Word, Spreadsheet, Slide View &amp; Edit",4.5,Free,190
86,The CW,3,Free,3809
87,Beach Time PREMIUM,5,Free,11
88,djay Pro,4.5,Free,22851
89,DVD Player+,3,Free,11252
90,Raw Image Extension,3,Free,341
91,VUDU Movies and TV,2.5,Free,1338
92,Trello,4,Free,1299
93,Music Maker Jam,4,Free,21311
94,freda epub ebook reader,4.5,Free,20548
95,VMware Horizon Client,3,Free,346
96,OverDrive - Library eBooks &amp; Audiobooks,4,Free,25766
97,SiriusXM,3.5,Free,4634
98,"Zip Extractor Pro - Rar, Zip, 7Z Extractor",4,Free,84
99,Microsoft Rewards,3,Free,793
100,Adobe Lightroom,3.5,Free,165
101,Foxit PhantomPDF,4,Free,250
102,TeamViewer: Remote Control,4.5,Free,20281
103,Player for DVD's,4,Free,7949
104,Desktop Live Wallpapers,3,Free,461
105,WPS Office for Free,4,Free,794
106,"NOOK – Books, Magazines, Newspapers, Comics",4,Free,25328
107,MyRadar,4.5,Free,67140
108,Dell Mobile Connect,3.5,Free,498
109,Wikibuy,2.5,Free,27
110,Anime Tube Unlimited,4.5,Free,172960
111,One Calendar,4,Free,71567
112,Cinebench,4,Free,240
113,GPhotos for Google Photos,3.5,Free,999
114,"Ultra Office for Free: Word, Spreadsheet, Slide &amp; PDF Compatible",4.5,Free,44582
115,Widgets HD,3,Free,925
116,Player for Twitch: Live Game Streaming,4.5,Free,11460
117,AdBlock,3.5,Free,6244
118,"Ultra DVD Player for Free - also Plays Media, Video, Audio Files",4.5,Free,6726
119,Inkscape,4.5,Free,1046
120,Awesome Tube - App for YouTube,4.5,Free,58381
121,National Geographic Antarctica PREMIUM,4.5,Free,6
122,FL Studio Mobile,4,Free,338
123,Concepts,4.5,Free,2059
124,Penbook,4.5,Free,1652
125,paint.net,4.5,Free,1398
126,Complete Anatomy Platform 2020,4,Free,1362
127,Phototastic Collage,4.5,Free,411556
128,VPN Pro - Best Free VPN &amp; Unlimited Wifi Proxy,2.5,Free,288
129,Movie Creator : Free Video Editor,3.5,Free,59597
130,WinZip Universal,4,Free,1274
131,"Neat Office - Word, Excel, PDF, Powerpoint alternative",4.5,Free,83934
132,Adblock Plus (Beta),3.5,Free,6193
133,Krita,4,Free,361
134,NFL,1.5,Free,522
135,Planner 5D - Home &amp; Interior Design,3.5,Free,2980
136,Affinity Designer,4.5,Free,204
137,PhotoScape X,4.5,Free,1875
138,WinZip Microsoft Store Edition,2.5,Free,294
139,VPN Unlimited - Secure &amp; Private Internet Connection for Anonymous Web Surfing,4.5,Free,3789
140,The Northern Lights,4.5,Free,291
141,MobileSheets,4,Free,238
142,Zen: Coloring book for adults,4,Free,1877
143,Bamboo Paper,4.5,Free,20432
144,RAR Opener,4,Free,46036
145,3D Viewer,4.5,Free,37502
146,Leonardo,4.5,Free,74
147,All Video Player HD,3.5,Free,1978
148,Wattpad: Free Books and Stories,4,Free,11337
149,Photo Editor | Polarr,4.5,Free,10696
150,"Player for YouTube HD: YouTube 4K Video, Music, TV &amp; Clips. Watch stream for WOW, PUBG, Fortnite",4.5,Free,13819
151,"Flow Mail : Outlook, Gmail, Yahoo and more",4,Free,923
152,Affinity Photo,4.5,Free,348
153,Pic Collage,4.5,Free,40953
154,Rakuten Ebates: Get Cash Back For Shopping,4.5,Free,1036
155,Beach Glow,5,Free,2
156,Snap Core First,5,Free,15
157,Live Home 3D,4,Free,2140
158,Warm Winter Nights,4.5,Free,223
159,ACG Player,4.5,Free,79654
160,Ultra File Opener,3,Free,1223
161,Amazon Assistant,3,Free,961
162,McAfee Personal Security,3.5,Free,123
163,HEIC Image Viewer - Support Converter,3.5,Free,12145
164,3D Builder,4,Free,6816
165,"Downloader for YouTube. Coverter to MP3, MP4 &amp; AVI",4.5,Free,11863
166,Power Planner,4.5,Free,6711
167,Screen Recorder Lite,3.5,Free,6408
168,LastPass for Microsoft Edge,3.5,Free,2829
169,Audacity Windows Store Version,4.5,Free,735
170,Trend Micro Security,3.5,Free,46
171,Print 3D,3,Free,359
172,RadarScope,4,Free,105
173,"Ultra PDF Editor - Annotate &amp; Fill, Split &amp; Merge, &amp; Convert",4,Free,14535
174,"Total PC Cleaner - Free Disk Space Clean Up, Optimize Memory &amp; Windows System",4.5,Free,65669
175,Notebook Pro,3.5,Free,1783
176,IPEVO Visualizer,3,Free,22
177,PhotoScape X Pro,4,Free,698
178,Avast Antivirus Download Center,4.5,Free,108463
179,Samsung Flow,2.5,Free,2564
180,Raw Image Extension,3,Free,341
181,VUDU Movies and TV,2.5,Free,1338
182,Trello,4,Free,1299
183,Music Maker Jam,4,Free,21311
184,freda epub ebook reader,4.5,Free,20548
185,VMware Horizon Client,3,Free,346
186,OverDrive - Library eBooks &amp; Audiobooks,4,Free,25766
187,SiriusXM,3.5,Free,4634
188,"Zip Extractor Pro - Rar, Zip, 7Z Extractor",4,Free,84
189,Microsoft Rewards,3,Free,793
190,Adobe Lightroom,3.5,Free,165
191,Foxit PhantomPDF,4,Free,250
192,TeamViewer: Remote Control,4.5,Free,20281
193,Player for DVD's,4,Free,7949
194,Desktop Live Wallpapers,3,Free,461
195,WPS Office for Free,4,Free,794
196,"NOOK – Books, Magazines, Newspapers, Comics",4,Free,25328
197,MyRadar,4.5,Free,67140
198,Dell Mobile Connect,3.5,Free,498
199,Wikibuy,2.5,Free,27
200,Anime Tube Unlimited,4.5,Free,172960
201,One Calendar,4,Free,71567
202,Cinebench,4,Free,240
203,GPhotos for Google Photos,3.5,Free,999
204,"Ultra Office for Free: Word, Spreadsheet, Slide &amp; PDF Compatible",4.5,Free,44582
205,Widgets HD,3,Free,925
206,Player for Twitch: Live Game Streaming,4.5,Free,11460
207,AdBlock,3.5,Free,6244
208,"Ultra DVD Player for Free - also Plays Media, Video, Audio Files",4.5,Free,6726
209,Inkscape,4.5,Free,1046
210,Awesome Tube - App for YouTube,4.5,Free,58381
211,National Geographic Antarctica PREMIUM,4.5,Free,6
212,FL Studio Mobile,4,Free,338
213,Concepts,4.5,Free,2059
214,Penbook,4.5,Free,1652
215,paint.net,4.5,Free,1398
216,Complete Anatomy Platform 2020,4,Free,1362
217,Phototastic Collage,4.5,Free,411556
218,VPN Pro - Best Free VPN &amp; Unlimited Wifi Proxy,2.5,Free,288
219,Movie Creator : Free Video Editor,3.5,Free,59597
220,WinZip Universal,4,Free,1274
221,"Neat Office - Word, Excel, PDF, Powerpoint alternative",4.5,Free,83934
222,Adblock Plus (Beta),3.5,Free,6193
223,Krita,4,Free,361
224,NFL,1.5,Free,522
225,Planner 5D - Home &amp; Interior Design,3.5,Free,2980
226,Affinity Designer,4.5,Free,204
227,PhotoScape X,4.5,Free,1875
228,WinZip Microsoft Store Edition,2.5,Free,294
229,VPN Unlimited - Secure &amp; Private Internet Connection for Anonymous Web Surfing,4.5,Free,3789
230,The Northern Lights,4.5,Free,291
231,MobileSheets,4,Free,238
232,Zen: Coloring book for adults,4,Free,1877
233,Bamboo Paper,4.5,Free,20432
234,RAR Opener,4,Free,46036
235,3D Viewer,4.5,Free,37502
236,Leonardo,4.5,Free,74
237,All Video Player HD,3.5,Free,1978
238,Wattpad: Free Books and Stories,4,Free,11337
239,Photo Editor | Polarr,4.5,Free,10696
240,"Player for YouTube HD: YouTube 4K Video, Music, TV &amp; Clips. Watch stream for WOW, PUBG, Fortnite",4.5,Free,13819
241,"Flow Mail : Outlook, Gmail, Yahoo and more",4,Free,923
242,Affinity Photo,4.5,Free,348
243,Pic Collage,4.5,Free,40953
244,Rakuten Ebates: Get Cash Back For Shopping,4.5,Free,1036
245,Beach Glow,5,Free,2
246,Snap Core First,5,Free,15
247,Live Home 3D,4,Free,2140
248,Warm Winter Nights,4.5,Free,223
249,ACG Player,4.5,Free,79654
250,Ultra File Opener,3,Free,1223
251,Amazon Assistant,3,Free,961
252,McAfee Personal Security,3.5,Free,123
253,HEIC Image Viewer - Support Converter,3.5,Free,12145
254,3D Builder,4,Free,6816
255,"Downloader for YouTube. Coverter to MP3, MP4 &amp; AVI",4.5,Free,11863
256,Power Planner,4.5,Free,6711
257,Screen Recorder Lite,3.5,Free,6408
258,LastPass for Microsoft Edge,3.5,Free,2829
259,Audacity Windows Store Version,4.5,Free,735
260,Trend Micro Security,3.5,Free,46
261,Print 3D,3,Free,359
262,RadarScope,4,Free,105
263,"Ultra PDF Editor - Annotate &amp; Fill, Split &amp; Merge, &amp; Convert",4,Free,14535
264,"Total PC Cleaner - Free Disk Space Clean Up, Optimize Memory &amp; Windows System",4.5,Free,65669
265,Notebook Pro,3.5,Free,1783
266,IPEVO Visualizer,3,Free,22
267,PhotoScape X Pro,4,Free,698
268,Avast Antivirus Download Center,4.5,Free,108463
269,Samsung Flow,2.5,Free,2564
270,123 Photo Viewer,4.5,Free,9197
271,zTwitch - Twitch App,4.5,Free,10338
272,LG Reader Mode,3.5,Free,7
273,TuneIn Radio,4,Free,85304
274,Crackle,2.5,Free,507
275,Ubuntu 18.04 LTS,4.5,Free,1137
276,Epson Print and Scan,2,Free,5412
277,Recipe Keeper,4.5,Free,2253
278,Ultra Blu-ray Player (FREE DVD Player incl.),4,Free,3027
279,Stars at Night,4.5,Free,298
280,Messenger (Beta),3.5,Free,15748
281,WiFi Analyzer,4.5,Free,10681
282,Live Home 3D Pro,4,Free,902
283,Player for YouTube Video,3.5,Free,195
284,HD video downloader for Youtube,4.5,Free,11981
285,"AutoCAD mobile - DWG Viewer, Editor &amp; CAD Drawing Tools",4,Free,18942
286,OMEN Command Center,5,Free,17860
287,crazy video maker 2 - video editor &amp; movie maker,4,Free,2320
288,"Cloud Drive! : OneDrive, Dropbox, Google Drive and more",4,Free,1747
289,Dogs and Cats,5,Free,3
290,RoboForm Password Manager,2.5,Free,1027
291,Move Mouse,4.5,Free,154
292,Intel® Graphics Command Center,3.5,Free,411
293,Pictureflect Photo Viewer,4.5,Free,949
294,StaffPad,3.5,Free,740
295,Duolingo - Learn Languages for Free,4.5,Free,289946
296,"9 ZIP - open rar, zip, 7zip, gzip",4,Free,40250
297,CyberLink PowerDVD Standard,3.5,Free,8
298,Translator,4,Free,220199
299,"PDF Reader Pro - Annotate, Edit, Convert, Fill Forms &amp; Sign PDFs",4,Free,513
300,Cricut Design Space For Beginners,5,Free,1
301,VideoPad,3.5,Free,13
302,DX1 for Windows 10,5,Free,4
303,Mixed Reality Portal,3,Free,262
304,Nebo,4,Free,2864
305,Avira Phantom VPN,4.5,Free,1876
306,Real PDF Editor,4,Free,1664
307,Armoury Crate (Beta),2,Free,437
308,Facebook (Beta),3,Free,45520
309,Human Anatomy Atlas 2019: Complete 3D Human Body,4,Free,739
310,uBlock Origin,4.5,Free,3372
311,Calculator+ HD,4.5,Free,25783
312,"mysms - Text from Computer, Messaging",4,Free,13169
313,Zoom Rooms,3,Free,97
314,Diagnostic Data Viewer,4,Free,348
315,mSecure - Password Manager and Digital Wallet,3.5,Free,458
316,EarTrumpet,4.5,Free,2307
317,TIDAL - Music Streaming,3.5,Free,198
318,WatchESPN,4,Free,26487
319,myHomework,4,Free,2294
320,"Movie Maker for Photos: Free Video Editor &amp; Slideshow Maker, Image to Video Movie Maker",3.5,Free,3380
321,TouchMail,4,Free,22680
322,"Ultra Office Suite - Word, Spreadsheet, Slide Editor &amp; more",4,Free,6024
323,Free File Viewers,4,Free,30862
324,True Key,4.5,Free,7264
325,Fresh Paint,4,Free,66858
326,KakaoTalk,3.5,Free,3204
327,Code Writer,4.5,Free,4881
328,MusicBee,4.5,Free,1144
329,Express Burn,3.5,Free,6
330,Word Editor For Windows 10,4,Free,17073
331,FileBot,4.5,Free,662
332,Microsoft Wireless Display Adapter,3,Free,15245
333,LastPass for Windows Desktop,3.5,Free,3236
334,HyperX NGENUITY (Beta),1.5,Free,617
335,Foxit MobilePDF,4.5,Free,24614
336,"Focus To-Do: Pomodoro Timer &amp; To Do List 「Pomodoro Technique, Task Organizer, Time Tracker, Schedule Planner, Reminder」",4.5,Free,5375
337,"Index Cards (Flashcards, Note Cards)",4,Free,890
338,Home Design 3D,4.5,Free,944
339,Diarium — Private Diary / Daily Journal,4.5,Free,3014
340,"PDF Office : PDF Editor ,Reader , Merger ,Create PDF ,Merge Scanned Pages,Annotate PDF,Watermark on PDF",4.5,Free,797
341,Free Unlimited VPN Proxy - The Internet Freedom VPN,2.5,Free,68
342,Xbox Insider Hub,3,Free,6580
343,Alarm Clock HD,4.5,Free,68812
344,Acellus,3.5,Free,10
345,HDHomeRun,3,Free,606
346,Ski Paradise,4.5,Free,53
347,Ultimate Photo Editor,5,Free,2060
348,-My Notes-,4.5,Free,83224
349,CyberLink PowerDirector 18 Ultra,1.5,Free,2
350,Xbox Console Companion - Beta,4.5,Free,12370
351,App Installer,3.5,Free,2008
352,"PDF Ink - Sign, Fill, Edit",4,Free,2208
353,MyASUS,2,Free,398
354,Sticky Notes 8,4,Free,10679
355,Dogs in Winter,4.5,Free,80
356,"Movie Maker &amp; Video Editor 10 for Youtube &amp; Insta : Trim,Merge,Edit,Rotate,Crop,Slow Motion/Fast Motion,Add Music To Vido &amp; Apply Transition On Video",4,Free,513
357,Mix DVD Player,4.5,Free,4547
358,Python 3.8,3.5,Free,84
359,Scrble Ink,4,Free,490
360,Astro Command Center,2.5,Free,132
361,Hotspot VPN - Best Free VPN &amp; Unlimited Wifi Proxy,3.5,Free,559
362,CBS News,4.5,Free,1723
363,HP PC Hardware Diagnostics Windows,3.5,Free,30
364,有道词典桌面版,3.5,Free,393
365,iStudiez Pro,4,Free,72
366,X410,4.5,Free,129
367,Anime Tube Unleashed,4.5,Free,14440
368,"Logo Maker - Logo Creator, Generator &amp; Designer",5,Free,5272
369,hide.me VPN,3.5,Free,2385
370,X-VPN - Fast &amp; Stable VPN Proxy,3,Free,51
371,Deezer Music,3.5,Free,19221
372,McAfee WebAdvisor,4,Free,203
373,7 Tik - Vidoes on Windows,4.5,Free,310
374,Calculator X8,4.5,Free,25816
375,PDF Document Scanner,4,Free,6928
376,Network Speed Test,4.5,Free,99956
377,Bible by Olive Tree,4.5,Free,2380
378,Shotcut,3,Free,53
379,IrfanView64,4.5,Free,499
380,Affinity Publisher,4,Free,25
381,"8 Zip - open and extract RAR, ZIP, 7zip, 7z, ZipX, Iso, Cab for free",4,Free,55279
382,imo video calls and chat HD,3.5,Free,319
383,Password Manager SafeInCloud,5,Free,472
384,Free Live Tv Online,4.5,Free,13152
385,Blender,4.5,Free,258
386,Torrex Lite - Torrent Downloader,4,Free,35782
387,"Video Editor Studio : Movie Maker, Flim Editor, Audio Mixer and More",4.5,Free,1236
388,"Cool File Viewer Pro: Rar,Word,PDF,PPT,Video &amp; Image Opener",4.5,Free,4309
389,HEIF Image Extensions,2,Free,1187
390,Company Portal,3.5,Free,948
391,Ditto Clipboard,4.5,Free,783
392,Droid Transfer,4,Free,8
393,Inkodo,4.5,Free,1789
394,World National Parks,4.5,Free,1003
395,Nero DVD Player,2,Free,8
396,Coloring - Color by Number,4,Free,3133
397,ReadAloud,4,Free,3368
398,Video Cutter &amp; Compressor,4.5,Free,12916
399,Resume Maker Free,2.5,Free,223
400,Recipe Keeper Pro,4.5,Free,1971
401,Animation Desk - Create Animation Like a Pro,4.5,Free,2665
402,One Photo Viewer,4.5,Free,124
403,4Plan - Home Design Planner,3.5,Free,76
404,CnX Media Player – Powerful Ultra HD 4K HDR Video Player,4.5,Free,1371
405,Screenbits - Screen Recorder,4.5,Free,1098
406,Wallpaper HD (Backgrounds HD),4.5,Free,17495
407,Mixplay for Mixer,3.5,Free,466
408,"Player for YouTube 4k HD. Free YouTube Covert to MP3, MP4 &amp; AVI. Video Downloader for YouTube. Stream for PUBG and Fortnite",4.5,Free,3089
409,My Dell,3.5,Free,44
410,"Docs for Google - Documents, Presentations, Spreadsheets for Online Docs, Slides and Sheets",1.5,Free,10
411,"OfficeSuite - PDF, Mail, Documents, Sheets, Slides, 50GB Cloud",4,Free,222
412,River Delta PREMIUM,5,Free,4
413,Bitcoin Miner,4,Free,4426
414,"App for Instagram: View, Upload Photo",4,Free,12716
415,Napster,4,Free,9189
416,Back to the Drawing Board - 2D CAD,4,Free,541
417,Pictures Opener - HEIC Supported Including Convert,3.5,Free,2109
418,NBC Sports,2,Free,2494
419,WavePad,4,Free,10
420,WorkingHours — Time Tracking / Timesheet,4.5,Free,2116
421,Viewer for TurboTax,1,Free,2
422,Character Map UWP,4.5,Free,674
423,GPORTAL Game Servers,3,Free,28
424,Nahimic,2.5,Free,847
425,Amazon Rainforest,4.5,Free,388
426,Windows Notepad,3.5,Free,631
427,7-Zip File Manager (Unofficial),4.5,Free,3
428,Notepad++ (Unofficial),4.5,Free,9
429,Calculator²,4.5,Free,23617
430,Sweet Home 3D,3,Free,55
431,"WinSCP - SFTP, FTP, WebDAV, SCP and S3 client",5,Free,105
432,Beautiful Sunsets,4.5,Free,349
433,MyRadar Ad Free,4.5,Free,5114
434,Media Player S PRO,4,Free,4184
435,Just Checking,3.5,Free,13
436,Video Converter - FREE,4,Free,1524
437,Cover - Comic reader,4,Free,6135
438,myTube!,4.5,Free,20659
439,UCBrowser UWP,4,Free,4366
440,CyberLink PowerDirector 17 Ultra,4.5,Free,16
441,Grover Podcast,4.5,Free,1766
442,"iDownload Manager (iDM) - High speed YouTube, file downloader",4.5,Free,2233
443,Coloring Book: Drawing For Adults And Kids,4.5,Free,388
444,Chromosome X Search,4,Free,45981
445,Random Color Generator,,Free,
446,"Poster Maker: Thumbnail, Cover, Flyer &amp; Ad Page Designer",5,Free,1638
447,WavePad Audio Editor Free,4,Free,181
448,Boom 3D,4.5,Free,432
449,Screenshot Snipping Tool,2.5,Free,822
450,Book Bazaar Reader,4,Free,10190
451,Adult Coloring Book With Multiple Templates &amp; Colors,4,Free,10884
452,FOX Sports GO,4.5,Free,754
453,f.lux,4.5,Free,1126
454,Painnt - Pro art filters,4.5,Free,1381
455,Alienware Mobile Connect,3.5,Free,38
456,Office Suite - Powerful editor for Adobe pdf and Microsoft doc docx xls xlsx ppt pptx,4,Free,261
457,Enpass Password Manager,4,Free,1387
458,What Next PREMIUM,5,Free,5
459,VideoPad Video Editor Free,3.5,Free,228
460,Newton Mail,4,Free,533
461,Downloader for YouTube by OneClick,4.5,Free,12276
462,Image Viewer Pro,4,Free,3128
463,MuseScore 3,4.5,Free,332
464,AURA Creator,2,Free,101
465,Chilly Morning,5,Free,4
466,PDF Reader Pro - Document Expert,4.5,Free,174
467,Harvest Time Tracker,2.5,Free,104
468,FOX Sports,3.5,Free,11626
469,Flipboard,4,Free,40460
470,"Super Zip - Free Rar, Zip &amp; 7z Extractor",4.5,Free,800
471,CorelDRAW Microsoft Store Edition,4,Free,401
472,Weather Radar Pro,4.5,Free,4189
473,WunderMail for Gmail,4.5,Free,1356
474,Duplicate File Remover,4,Free,21136
475,Kobo Books,4,Free,29209
476,Cyberduck,3.5,Free,48
477,Teleprompter Pro,4,Free,182
478,Easy Typing Practice in 3 Days,4.5,Free,2196
479,City Island 2,3.5,Free,87
480,Debut Screen and Video Recorder Free,3.5,Free,220
481,Recording Studio Pro,3.5,Free,1082
482,"Grapholite - Diagrams, Flow Charts and Floor Plans Designer",4,Free,633
483,Pixel Art Studio,4.5,Free,8538
484,CyberLink PhotoDirector 11 Ultra,5,Free,1
485,Video Converter Any Format,3.5,Free,19899
486,DocuSign,4,Free,2754
487,Fitbit Coach,4,Free,693
488,Debut,3.5,Free,6
489,Trains on Bridges PREMIUM,5,Free,4
490,"PDF Reader Pro - Comment, Edit, Convert, Fill &amp; Sign",4.5,Free,22
491,Fast Weigh Ticketing,5,Free,4
492,Corel Painter Essentials,3,Free,37
493,Winding Roads PREMIUM,5,Free,1
494,ShareX,4.5,Free,737
495,edjing 5: DJ turntable to mix and record music,4,Free,16041
496,Calc Pro HD Free - Calculator,4.5,Free,2401
497,VSDC Video Editor,4,Free,22
498,"Music Editor : Trim, Extract, Convert and Mix Audio",5,Free,1707
499,Adobe Creative Cloud Templates Bundle,1,Free,3
500,Snipaste,5,Free,1456
501,Hallmark Movies Now,3,Free,53
502,Document Editor For Windows 10,4,Free,5662
503,QuickLook,4.5,Free,2171
504,AnyConnect,3.5,Free,798
505,Dictionary.,4.5,Free,35724
506,Fractal Art PREMIUM,5,Free,5
507,Ishtar Commander for Destiny,4,Free,193
508,Rar Zip Extractor Pro,4,Free,45373
509,"Screen Recorder Pro - Display, Window, Region",4,Free,6190
510,SafeNet MobilePASS+,4.5,Free,26
511,Cosmic Beauty,4,Free,424
512,Microsoft Remote Desktop Preview,3.5,Free,1423
513,Torrex Pro - Torrent Downloader,4.5,Free,13027
514,MEGA Privacy,3.5,Free,6302
515,Essential Anatomy 3,4,Free,1781
516,Libra Office Suite,4,Free,6904
517,"Musixmatch Lyrics - Sing along Spotify, iTunes, Windows Media Player",4,Free,61280
518,MixPad,3,Free,3
519,Police Radio Scanner 5-0,4.5,Free,5710
520,Autumn Colors,4,Free,683
521,Kali Linux,4,Free,1403
522,Ultra DVD Player Platinum,3.5,Free,601
523,MetaMoJi Note,3.5,Free,1759
524,Pocket Casts Desktop,4,Free,456
525,Music Maker Plus Windows Store Edition,3,Free,33
526,Acer Product Registration,3.5,Free,32
527,Practica Musica,,Free,
528,HEIC Image Converter Tool,4.5,Free,1278
529,KIOSK SP Browser,4,Free,74
530,Express Burn CD and DVD Burner Free,3,Free,237
531,Dynamics 365 for Fice and Operations - Warehousing,4,Free,18
532,"Photo Editor - Drawing, Resize &amp; Crop, Boarder &amp; Watermark",4,Free,4216
533,MoneyPoint,4.5,Free,4529
534,hueDynamic for Hue,4,Free,659
535,My Calendar,4,Free,19846
536,Explore the USA PREMIUM,4.5,Free,10
537,USB Charger Plus,2.5,Free,52
538,RICOH Driver Utility,2.5,Free,300
539,Resco Mobile CRM,3.5,Free,206
540,Video Player - Play All Videos,3.5,Free,6670
541,CyberLink Media Player 18 Standard,4.5,Free,2
542,Dynamics AX 2012 Expenses,2.5,Free,779
543,Movie Maker for YouTube and Instagram,4,Free,4242
544,Sway,4.5,Free,6849
545,Anime Unlimited 2019,5,Free,1722
546,Doc Opener,4.5,Free,7206
547,Real DVD Player,3,Free,78
548,PDF Viewer Plus,4.5,Free,18029
549,News Reader for Fox News,4,Free,560
550,DVD Creator,2.5,Free,15
551,SonicWALL Mobile Connect,3,Free,724
552,Power Apps,3.5,Free,843
553,MyIPTV Player,4,Free,2279
554,Procore,3.5,Free,97
555,Mail,4,Free,196601
556,Mail (Gmail),1,Free,25
557,Microsoft Bing Dictionary (Chinese-English),4.5,Free,14973
558,Ultra Screen Recorder for Free,4,Free,897
559,VEGAS Movie Studio 16 Windows Store Edition,4,Free,5
560,Nero Burning ROM 365,2,Free,36
561,Money Pro - Personal Fice &amp; Expense Tracker,3.5,Free,354
562,Zalo Desktop,4,Free,446
563,Pixel Art - Color by number coloring book,4.5,Free,11888
564,Karaoke One,4,Free,5987
565,Vidmate Tube - Video Downloader,4,Free,490
566,Files Manager for Windows 10,3.5,Free,9905
567,VEGAS Movie Studio 16 Platinum Windows Store Edition,3,Free,5
568,Color by Number for Adults,4,Free,98
569,"Notebook - Take Notes, Sync",4.5,Free,457
570,Ultra PDF Editor Lite - Annotate &amp; Fill Forms,4.5,Free,863
571,LibreOffice Unofficial,3.5,Free,90
572,Pengwin,4,Free,130
573,Collage Maker - Photo Grid &amp; Montage,4.5,Free,4390
574,Video Editor Master,4,Free,71200
575,Alaskan Landscapes by Kyle Waters,4,Free,262
576,Logo Maker with Graphic Design and Ads Designer,3,Free,131
577,Ultra Office Suite Essential,4.5,Free,628
578,Unigram - A Telegram universal experience,4.5,Free,2748
579,Garage Band to Logic Pro Course By mPV,1,Free,5
580,Moon Invoice - Easy Invoicing,4,Free,329
581,WeTube = YouTube + Extensions,3.5,Free,58
582,Better VPN - Best Free VPN &amp; Unlimited Wifi Proxy,4,Free,294
583,Samsung Notes,2.5,Free,289
584,Cliq,3.5,Free,18
585,Books for Kindle,1.5,Free,8
586,Adobe Flash Player-Pro GUIDE,,Free,
587,The Sims 4 Guides,1.5,Free,14
588,BlueSky Browser,4.5,Free,12032
589,Journey,4,Free,50
590,"CloudApp - Screen Recorder, GIF Maker, Screenshots",3,Free,416
591,Office Lens,4.5,Free,85585
592,Photo Editor 10,4,Free,9142
593,Blu-ray PRO,4,Free,11064
594,Termius - SSH client,4,Free,200
595,Dictation Pro,3.5,Free,118
596,Google Chrome App Guide,,Free,
597,SimpleOne Label Maker,4,Free,281
598,Kauna,4.5,Free,1136
599,Photo Editor Pro | Polarr,4,Free,3181
600,Unlimited Free Music Downloader,4,Free,3772
601,"Draw Diagrams - making charts, flowcharts, UML, mindmap",4.5,Free,908
602,HexChat,4,Free,38
603,Sun and Sand PREMIUM,5,Free,18
604,"i-Boating: GPS Nautical / Marine Charts - offline sea, lake river navigation maps for fishing, sailing, boating, yachting, diving &amp; cruising",3.5,Free,405
605,DJ Mix Pads 2 - Remix Version,3.5,Free,395
606,"Poster Maker, Flyer Designer, Ads Page Designer",5,Free,1963
607,Anki Universal,4,Free,368
608,Grindstone Time Tracker,4,Free,9
609,Dell Digital Delivery,2,Free,31
610,Stop Motion Studio,3.5,Free,8393
611,Video Editor &amp; Movie Maker by Media Apps,4,Free,953
612,Stopwatch + Timer,4.5,Free,1055
613,The Weather 14 days,4.5,Free,87802
614,OpenOffice - Unofficial,3.5,Free,67
615,Samsung Gallery,2.5,Free,1610
616,Amazing Slow Downer,3,Free,4
617,Huetro for Hue,4.5,Free,3821
618,Watch NFL Network,2,Free,490
619,Piano 10,4,Free,52120
620,ESPN News Reader,2,Free,7
621,File Downloader,4,Free,16415
622,Free Proxy VPN,4,Free,16072
623,Day on the Farm,5,Free,4
624,World Clock - Time Zones,3.5,Free,1027
625,Lenovo Nerve Center,2.5,Free,687
626,Free Movies # HD,5,Free,2863
627,"Docs for Microsoft Office - MS Word, PowerPoint, Excel Document Templates",2,Free,6
628,Tablet Pro Pen Tool,3,Free,39
629,Notepad+,3.5,Free,188
630,Duplicates Cleaner Prime,5,$5.29 ,1845
631,Video Maker - VideoShow,4,$5.29 ,16755
632,iThoughts,4,$5.29 ,36
633,Sketch Board,4,$5.29 ,6333
634,NetTV Plus,3,$5.29 ,263
635,Business Card Maker And Designer,5,$5.29 ,1296
636,Learn Typing in 1 Hour,5,$5.29 ,1371
637,Food Cost Profiler,5,$5.29 ,11
638,Pages Manager for Facebook,3.5,$5.29 ,61093
639,GoldWave,3.5,$5.29 ,22
640,"WiFi Explore - SpeedTest, WiFi Scan",4,$5.29 ,2380
641,Aviation Exam,4.5,$5.29 ,667
642,Intel(R) Management and Security Status,3.5,$5.29 ,7
643,Nextgen Reader,4.5,$5.29 ,16986
644,Oracle MWM,5,$5.29 ,1
645,Sumatra PDF,4.5,$5.29 ,246
646,JUMPING VPN – Unlimited Free VPN &amp; Fast Security VPN,4.5,$5.29 ,244
647,Corel PaintShop Pro,3,$5.29 ,124
648,Screen Recorder Plus,4,$5.29 ,2860
649,Color Explosion,4,$5.29 ,734
650,Text Reader,4,$5.29 ,6879
651,Document Translator,4,$5.29 ,40
652,MixPad Multitrack Recording Free,4,$5.29 ,17
653,Spending Tracker ™,4.5,$5.29 ,14189
654,"Monument Browser - Ad Blocker, Privacy Focused Browser &amp; Fast Downloads",4,$5.29 ,4616
655,Media Importer,3,$5.29 ,144
656,Baby Animals,4,$5.29 ,566
657,KONICA MINOLTA Print Experience,2,$5.29 ,30
658,Flashcard Hero,4,$5.29 ,106
659,Sentence Diagrammer,2,$5.29 ,177
660,Power BI,4,$5.29 ,752
661,Live TV Ultimated,4.5,$5.29 ,1539
662,Samsung Settings,2,$5.29 ,79
663,WinDbg Preview,4,$5.29 ,255
664,"PDF Manager - Merge, Split, Trim",4,$5.29 ,888
665,Json Formatter Pro,4,$5.29 ,3373
666,Collector for ArcGIS,4,$5.29 ,81
667,Discord Tiles,3.5,$5.29 ,173
668,TestNav,2,$5.29 ,87
669,Express Scribe Pro,5,$5.29 ,1
670,Video Editor &amp; Music Movie Maker,4,$5.29 ,2796
671,Try a Little Tenderness,4,$5.29 ,207
672,Easy File Organizer,4.5,$5.29 ,12
673,inPixio Photo Editor,3.5,$5.29 ,491
674,Eclipse Manager,4,$5.29 ,792
675,"Suite for MS Office - Templates for Microsoft Word, PowerPoint and Excel",2,$5.29 ,5
676,Fotor,4,$5.29 ,16204
677,"8 Zip Pro - advanced archiver for Zip, Rar, 7Zip, 7z, ZipX, Iso, Cab. Create, unpack and encrypt.",4.5,$5.29 ,16890
678,Token2Shell,4,$5.29 ,102
679,Dashlane - Password Manager,3,$5.29 ,882
680,ZillowPro,2.5,$5.29 ,50
681,My Photos,4,$5.29 ,1224
682,Virtual DJ Mixer : Mix and Record Music,3.5,$5.29 ,2138
683,Trend Micro WiFi Protection,4.5,$5.29 ,103
684,Beach Sunsets by Josh Sommers,4,$5.29 ,281
685,SmartScore Music-to-XML Music Notation Recognition,2.5,$5.29 ,15
686,Cricut Explore Air 2 Guides,,$5.29 ,
687,KVADPhoto+ PRO 2,4.5,$5.29 ,264
688,Scratch Desktop,4.5,$5.29 ,130
689,Publisher Expert 2,,$5.29 ,
690,Switch for Roku,2,$5.29 ,19
691,Client for Google Play Music,4,$5.29 ,3436
692,Leafy Structures,4,$5.29 ,13
693,Online Radio - Free Live FM AM,4.5,$5.29 ,6014
694,News Reader for CNN,3.5,$5.29 ,488
695,DrawPad Professional,,$5.29 ,
696,Sense Clock,3.5,$5.29 ,623
697,EZ CD Audio Converter Pro,4.5,$5.29 ,74
698,Bluetooth File Transfer (BlueFTP),4,$5.29 ,721
699,Splashtop Business – Remote Support and Access,5,$5.29 ,2
700,Sticky Notes - Post Virtual Notes on Your Desktop,3,$5.29 ,15
701,WiFi Sync for Canon Cameras,1,$5.29 ,29
702,Baffin Island Expedition by Will Christiansen,4.5,$5.29 ,792
703,Movie Edit Pro 2020 Plus Windows Store Edition,4,$5.29 ,9
704,Episode - Choose Your Story,3.5,$5.29 ,750
705,iTube - Video Downloader for YouTube 4K &amp; MP3 Converter,4,$5.29 ,1628
706,Blue Mail,3,$5.29 ,113
707,Ultra Zip,4.5,$5.29 ,2832
708,Cartoons Unlimited Pro,5,$5.29 ,17812
709,PhotoPad,5,$5.29 ,2
710,Ink Calendar,3.5,$5.29 ,155
711,"File Viewer Pro - PDF, Word, PPT, Zip, Video &amp; Image Opener",4,$5.29 ,5608
712,Sense Desktop,3.5,$5.29 ,237
713,Lexis Audio Editor,4.5,$5.29 ,2454
714,Mind Maps Pro,4,$5.29 ,853
715,Icecream Screen Recorder,2.5,$5.29 ,5
716,Fudget: budget planner &amp; personal fice tracker,4.5,$5.29 ,210
717,LineWebtoon,4,$5.29 ,388
718,Explore Excel,3.5,$5.29 ,1172
719,Snapfax - Fax PDF documents,3.5,$5.29 ,30
720,Movie Maker &amp; Video Editor for Windows,2.5,Free,45
721,Anime Kiss Unlimited,4.5,Free,360
722,Adobe Photoshop CS6 Easy to Use Guides Win10 Application,1,Free,2
723,Harmony Remote,3.5,Free,19
724,Valentine,4.5,Free,30
725,IPCam Monitor,3.5,Free,4381
726,XLS Edit,4,Free,2068
727,Panoramic Cityscapes PREMIUM,4.5,Free,17
728,Outrush Ordinary,5,Free,16
729,SongRepertoire,4,Free,288
730,VMware Workspace ONE,4.5,Free,53
731,7-zip compressor,3,Free,45
732,Photo Cut Paste : Background Changer,5,Free,650
733,Switch for Bose SoundTouch,1.5,Free,7
734,X-Tube Youtube Downloader and Converter,3.5,Free,224
735,AdBlocker Ultimate,5,Free,2605
736,EpubReader CALIBRE,4,Free,8
737,EasyCast - Mirror Display,3.5,Free,365
738,eLation Reach,,Free,
739,Mind Maps Classic,3.5,Free,707
740,WiseFax,4,Free,74
741,Moodle Desktop,3.5,Free,166
742,Print Checks,4,Free,4
743,Screen Recorder &amp; Webcam Recorder,4,Free,3930
744,The Grand Canyon National Park,5,Free,28
745,GuitarTapp Pro,4,Free,534
746,Photo editor for windows 10,2.5,Free,108
747,CyberLink PowerDirector 18 Ultimate - Microsoft Store Edition,,Free,
748,Hawaiian Vacation,4.5,Free,129
749,Video Editor &amp; Slideshow Maker Express,3.5,Free,2679
750,Advanced English Dictionary,4.5,Free,7926
751,CropiPic - crop video &amp; image,4.5,Free,16112
752,Abstract Coloring Book,4,Free,5841
753,LibreOffice Vanilla,2,Free,6
754,Pulse Secure,3.5,Free,454
755,Recording &amp; Editing Course For FL Studio by AV 102,2.5,Free,2
756,Hulu VR,3,Free,40
757,Measure Mobile,4,Free,15
758,Ip Cam Soft UWP,2.5,Free,77
759,blue light filter - CareUEyes,3.5,Free,19
760,inPixio Photo Clip Pro,5,Free,5
761,Duplicate Cleaner Free,4,Free,200
762,WritePlus,3.5,Free,816
763,Music Player for You Tube,3.5,Free,162
764,Night Eye,3.5,Free,341
765,Transcriptable,3,Free,9
766,Cricut Explore Air Projects,,Free,
767,6 Tik - Make Your Day,4.5,Free,181
768,Doc Viewer,4,Free,1109
769,"PDF Editor - Real PDF Editing - Edit PDF Files,Text,Pages,Images...",2,Free,33
770,DJ Studio - Free Music Mixer,3.5,Free,307
771,PuTTY - SSH and telnet client,3.5,Free,8
772,DVD Player-support VLC,3.5,Free,217
773,CrystalDiskMark,5,Free,837
774,PlayTo TV,2.5,Free,496
775,CyberLink Media Player 18 Essential,2.5,Free,73
776,XLS Edit Pro,3,Free,52
777,foobar2000,4.5,Free,567
778,iBackup Extractor,5,Free,3
779,Hostme - Miller's Ale House,,Free,
780,Free Virtual Keyboard,4.5,Free,487
781,FeedLab,4.5,Free,6907
782,Ax-Lite Video Player,4.5,Free,19916
783,Moneyspire 2020 Standard,,Free,
784,MetaMoJi Note Lite,3.5,Free,665
785,IPT Point Of Sale,4,Free,55
786,Baa Accounting 9,,Free,
787,GIMP Guide,2,Free,3
788,Crescendo Master's Edition,5,Free,1
789,Mozilla Firefox_User:Guide,,Free,
790,Community Showcase Natural Landscapes,4.5,Free,245
791,Episode - Romance Club,4,Free,840
792,My PDF Editor,2.5,Free,79
793,Multi Version Bible,3.5,Free,1908
794,Toshiba Print Experience,3.5,Free,54
795,TouchMD Consult,5,Free,7
796,"PDF Editor &amp; Reader 10 : Merge,Split,View,Annotate &amp; Create PDF Pages",4.5,Free,1224
797,Tweeten,4,Free,422
798,Inspire — Minimalist Markdown Editor for Notes and Distraction-free Writing,4.5,Free,44
799,My MP4 to MP3 Converter,4,Free,1538
800,Readit,4.5,Free,11620
801,TUF Aura Core,2.5,Free,123
802,KanTime ICE,4,Free,45
803,DICOM Viewer Essential,4,Free,4
804,ArchiTech Sketchpad,3.5,Free,275
805,KnowledgeBase Builder,4,Free,555
806,Handy Art Reference Tool,4.5,Free,191
807,JioSaavn Music &amp; Radio,4,Free,10727
808,Avast Online Security,4,Free,172
809,Screenpresso,4.5,Free,13
810,ecobee remote,4.5,Free,398
811,Free Cartoons Universe,4.5,Free,905
812,Search in it All free,4,Free,169
813,有道词典,4,Free,7337
814,Keep Lite,4.5,Free,672
815,Duplex Media Player,4,Free,2662
816,Typing Magic,4,Free,247
817,"VPN Shield 2 Internet Security - Proxy Connection for Encrypt Messages and Protect Online Data, Unblock Websites, Change Location and Hide IP for Anonymous Browsing",3.5,Free,2575
818,Daily Desktop Wallpaper,4.5,Free,1232
819,nkoda,3.5,Free,11
820,Folder &amp; File Locker,4,Free,389
821,Practical Photoshop,3,Free,329
822,Google Earth PC Guide,1.5,Free,62
823,Bing Fan Favorites II,4,Free,207
824,PDF Fill &amp; Sign,3,Free,227
825,Adult Coloring Book With Multiple Templates &amp; Abstract Coloring Mandalas,4.5,Free,82
826,Spirality,4.5,Free,1011
827,Crackle,3.5,Free,10054
828,Bing Fan Favorites - Landscapes,4,Free,141
829,Data Rescue Pro,1,Free,26
830,Prism Media Editor,3,Free,346
831,Screenshot,3,Free,1757
832,"Sygic: GPS Navigation, Maps &amp; POI, Route Directions",4,Free,19257
833,YouTube v5.0,3.5,Free,167
834,Free Unlimited Proxy - Proxy Master for Telegram,3.5,Free,298
835,Video Player for You Tube,3,Free,255
836,PDP Control Hub,3,Free,386
837,Dark Skies by Tracy Hymas,4.5,Free,383
838,Thunderbolt Control Center,1.5,Free,121
839,PDF Binder Pro,4.5,Free,434
840,Music Player For YouTube: video downloads &amp; mp3 converter,4.5,Free,4491
841,IP CENTCOM,4,Free,778
842,Boxy SVG,4,Free,69
843,Daily Mail Online,4.5,Free,21696
844,Garden Planner 3,4,Free,9
845,Express Invoice,1,Free,2
846,aText,,Free,
847,ActionDirector 3,,Free,
848,"GIF Maker - Photos to GIF, Video to GIF",4,Free,4757
849,inPixio Photo Eraser,3,Free,65
850,Zip Opener,4,Free,8921
851,Live Wallpaper by Giantapp,4.5,Free,1184
852,Duplicate Photo Cleaner - Removes Duplicate Photos and Videos,3.5,Free,103
853,Monotype Ceremonial Font Pack,3.5,Free,11
854,EmEditor text editor (64-bit),4,Free,47
855,Nero Video,,Free,
856,Perfect PDF Ultimate,3.5,Free,101
857,PPTX Viewer,3,Free,20
858,Mountain Dwellings,4.5,Free,401
859,Ctrl+C,4,Free,1105
860,Office Kit - Powerful editor for Adobe pdf and Microsoft doc docx xls xlsx ppt pptx,4,Free,6
861,Game Controller Tester,4,Free,954
862,WeDo 2.0 LEGO® Education,4,Free,469
863,Aphalina Designer,3.5,Free,275
864,Invoice 360,3.5,Free,476
865,Complete Heart,4.5,Free,31
866,"PDF Editor 10 - Annotate, Fill, Merge, Split &amp; Watermark",4.5,Free,677
867,CalenGoo,5,Free,1
868,Fn hotkeys and OSD,3,Free,8
869,MobiDB Database,4.5,Free,760
870,GoPro MAX Exporter,1.5,Free,55
871,uniDEM,,Free,
872,"ModernGlance - A screensaver that simulates Glance, more than a screensaver",4,Free,178
873,Super-Fast Browser,4,Free,405
874,"Video Downloader for YouTube (Download Videos, Change Video Format, Extract Audio and more)",4.5,Free,343
875,News Reader for BBC News,4,Free,1228
876,G Translate,3.5,Free,231
877,"Lunacy - Graphic Design Editor, Sketch for Windows",4.5,Free,945
878,VidMate,4.5,Free,152
879,Flowdia Diagrams,4,Free,189
880,Untitled Goose Game Video Guide,1,Free,1
881,DeskCalc Pro,4,Free,5
882,Zenput Labels,4,Free,2
883,Kindergarten Kids Learning,4,Free,3914
884,JsonEditor,4.5,Free,574
885,"Any PDF to JPG: pdf to jpeg, pdf to png, pdf to images converter",4.5,Free,617
886,GTA V Online Guide,2,Free,11
887,1Password,3,Free,665
888,Calc Pro HD - Calculator,4.5,Free,419
889,Spirality Classic,4.5,Free,7428
890,"Convert JPG to PDF with PDFCool - JPEG to PDF,PNG to PDF Converter",3.5,Free,6
891,7Z Opener,4,Free,6903
892,SpeedyPainter,4,Free,73
893,Theme Store,3.5,Free,1065
894,Sidekick Private Browser,4,Free,2923
895,Express Zip,5,Free,1
896,Movie Maker Free : Video Editor,3.5,Free,82
897,Intel® Optane™ Memory and Storage Management,3.5,Free,83
898,PDF Jack,4.5,Free,576
899,Mixing Tracks For Ableton Live 10,1,Free,1
900,Xbox Avatar Editor,4,Free,31914
901,Stopwatch: StopNow Free,4.5,Free,874
902,"PDF Reader Maker Creator &amp; Editor : Merge,Rotate,Annotate &amp;Write Text On PDF",4.5,Free,247
903,Free MP3 MUSIC Downloader SIMPLE Songily,4.5,Free,516
904,Simple In/Out,3,Free,15
905,Classic Cars PREMIUM,3.5,Free,8
906,"Pixroll Image Converter Lite for HEIC, JPG, PNG, GIF and much more...",4,Free,422
907,Batch Music Converter,3,Free,342
908,Time Master + Billing,3.5,Free,45
909,Master Final Cut Pro X,1.5,Free,18
910,Coloring Book for You and Me - Tap and Paint,4,Free,268
911,Car Scanner Pro,4.5,Free,2118
912,Afanche 3D STEP Viewer Pro,1,Free,47
913,CorelCAD - 2D &amp; 3D DWG CAD,3,Free,56
914,Word Stacker - New Crossword Puzzle,4.5,Free,158
915,Templates for Google Sheets,,Free,
916,Solitaire Spider 2019,4,Free,830
917,"PDF Converter: convert pdf to word &amp; pdf to epub, mobi, docx, txt for free",4,Free,46
918,CDK Lane,5,Free,1
919,iCloud Photos Organizer,3.5,Free,3
920,SuperPhoto,4,Free,9879
921,Editor for Google Slides,1,Free,2
922,Perfect PDF Reader,4,Free,5877
923,MultiTimer,4,Free,602
924,Silhouette Studio For Beginners,,Free,
925,FluidMath,3,Free,263
926,Tablo,3.5,Free,56
927,PDF Annotate &amp; Fill,4.5,Free,5344
928,Dictionary Pro,4.5,Free,1948
929,Cricut Explore Air For Beginners,,Free,
930,LCARS Interface,4.5,Free,497
931,Ultimate Photo Blender / Mixer,5,Free,1029
932,Duplicate Cleaner Tool,4.5,Free,924
933,Spotify Lyrics .NET,4.5,Free,1734
934,GNews - Google News Reader,4,Free,3641
935,Video Editor Music - No Crop Blur Background,3,Free,491
936,Nice File Viewer,4.5,Free,2191
937,Frosty Art,5,Free,37
938,Maps Pro,3,Free,1030
939,Docs for Microsoft Word - Document Templates,2.5,Free,3
940,Speech Central: Voice Reader,4,Free,368
941,Free Invoice Generator,4.5,Free,3118
942,Bingo Caller Machine 2,2.5,Free,6
943,FaceApps Windows 10,1,Free,24
944,Video &amp; Audio Converter PRO,4,Free,207
945,pcdMagic,5,Free,1
946,Fiction Book Reader Premium,4,Free,2151
947,Kiosk Browser,3,Free,15
948,Inpaint,4.5,Free,123
949,Soundtrap,3,Free,270
950,Langenscheidt Dictionaries,3,Free,47
951,Poster Maker &amp; Flyer Maker,3,Free,430
952,Focus 10,4.5,Free,1125
953,360 Total Security,4.5,Free,11766
954,Mp3 Music Downloader Free,3.5,Free,91
955,Community Showcase Natural Landscapes 2,4.5,Free,164
956,Youtube 4K Downloader,4.5,Free,693
957,Stunning Photo &amp; Text Designer,4,Free,46
958,Dell PremierColor,3,Free,64
959,An African Safari,4.5,Free,79
960,Imagine Learning Student,4.5,Free,7
961,Orbose Retail,,Free,
962,eM Client,3.5,Free,27
963,PUB Viewer Pro - Publisher Viewer &amp; Converter,,Free,
964,Cast to Samsung TV,1,Free,7
965,Thumbnail Maker &amp; Banner Maker,4,Free,417
966,My Personal Journal,3,Free,86
967,Airyware Tuner,4.5,Free,977
968,Disney Mickey’s Typing Adventure Gold,3,Free,1
969,AnyTime Organizer Deluxe 16,1,Free,4
970,ProntoForms for Windows 10,3,Free,12
971,ABC News,3,Free,1247
972,Dr. Know,4.5,Free,30
973,Radio 911 Police Scanner Radio,4.5,Free,1745
974,ASUS GIFTBOX,3.5,Free,224
975,theBlu : Season 1,4,Free,27
976,System Essentials for Windows 10,4,Free,12448
977,Recording &amp; Editing Audio Course For Studio One 4,1,Free,1
978,HMA! Proxy - Free VPN alternative,4,Free,23660
979,Animation Desk Classic,3,Free,878
980,Forza Hub,4,Free,2873
981,Spectrum - Music Visualizer,3,Free,114
982,EVA Period Tracker,4.5,Free,50193
983,Simplenote,4.5,Free,209
984,edjing PRO - Music DJ mixer,4,Free,428
985,EV3 Programming,4,Free,63
986,Switch Audio Converter,1.5,Free,3
987,Seer Pro,4,Free,40
988,Gallery HD,3.5,Free,1692
989,PDF Reader for Adobe PDF,,Free,
990,Comics++,4.5,Free,885
991,Wifi Direct Access Point,2.5,Free,92
992,HP System Information,3.5,Free,21
993,Any Sound Recorder: audio recorder &amp; voice recorder,4,Free,173
994,Kiddo Smart!,4.5,Free,524
995,TowMagic,,Free,
996,ISO Image Creator PRO,3.5,Free,138
